-- phpMyAdmin SQL Dump
-- version 3.3.9
-- http://www.phpmyadmin.net
--
-- Host: localhost
-- Generation Time: Jan 10, 2012 at 05:29 PM
-- Server version: 5.5.8
-- PHP Version: 5.3.5

SET SQL_MODE="NO_AUTO_VALUE_ON_ZERO";


/*!40101 SET @OLD_CHARACTER_SET_CLIENT=@@CHARACTER_SET_CLIENT */;
/*!40101 SET @OLD_CHARACTER_SET_RESULTS=@@CHARACTER_SET_RESULTS */;
/*!40101 SET @OLD_COLLATION_CONNECTION=@@COLLATION_CONNECTION */;
/*!40101 SET NAMES utf8 */;

--
-- Database: `psgstock`
--

-- --------------------------------------------------------

--
-- Table structure for table `buyprop`
--

CREATE TABLE IF NOT EXISTS `buyprop` (
  `bid` varchar(12) NOT NULL COMMENT 'id(name) of buyer who proposes to buy certain number of shares',
  `ccode` varchar(7) NOT NULL COMMENT 'the company which they want to buy',
  `rate` decimal(16,2) NOT NULL COMMENT 'the rate which the buyer proposes',
  `qty` int(6) NOT NULL COMMENT 'quantity proposed',
  `propid` int(12) NOT NULL AUTO_INCREMENT COMMENT 'id of the proposal',
  PRIMARY KEY (`propid`)
) ENGINE=InnoDB  DEFAULT CHARSET=latin1 AUTO_INCREMENT=96 ;

--
-- Dumping data for table `buyprop`
--

INSERT INTO `buyprop` (`bid`, `ccode`, `rate`, `qty`, `propid`) VALUES
('omicron1211', 'ntpc', 169.00, 100, 40),
('foreign21211', 'hdfc', 470.00, 550, 56),
('omega1211', 'hdfc', 460.00, 10, 60),
('delta1211', 'wip', 390.00, 150, 67),
('foreign11211', 'tsteel', 422.00, 10000, 68),
('foreign11211', 'bhel', 267.00, 8550, 69),
('foreign11211', 'hodf', 655.00, 9000, 70),
('foreign11211', 'huni', 410.00, 8850, 71),
('foreign11211', 'hind', 137.00, 10000, 72),
('foreign11211', 'ster', 110.00, 4000, 73),
('epsilon1211', 'infy', 2652.80, 50, 77),
('foreign11211', 'bhel', 266.00, 10000, 78),
('foreign11211', 'tsteel', 420.00, 10000, 79),
('foreign11211', 'hind', 137.00, 10000, 80),
('epsilon1211', 'coal', 322.00, 1, 82),
('beta1211', 'airt', 349.00, 21, 83),
('foreign11211', 'dlf', 220.00, 10000, 84),
('lambda1211', 'huni', 410.00, 50, 85),
('lambda1211', 'huni', 410.00, 50, 86),
('delta1211', 'huni', 405.00, 500, 87),
('lambda1211', 'wip', 402.00, 200, 89),
('foreign11211', 'hero', 1950.00, 20000, 90),
('epsilon1211', 'maru', 900.00, 100, 91),
('lambda1211', 'tpc', 96.00, 100, 92),
('epsilon1211', 'hdfc', 462.00, 100, 93),
('alpha1211', 'cipl', 336.00, 100, 95);

-- --------------------------------------------------------

--
-- Table structure for table `company`
--

CREATE TABLE IF NOT EXISTS `company` (
  `cname` varchar(35) NOT NULL COMMENT 'name of the company',
  `cid` int(6) NOT NULL COMMENT 'unique id of the company',
  `rate` decimal(16,2) NOT NULL COMMENT 'rate of the share',
  `volume` int(15) NOT NULL COMMENT 'no idea',
  `ccode` varchar(7) NOT NULL COMMENT 'company short code',
  PRIMARY KEY (`cid`)
) ENGINE=InnoDB DEFAULT CHARSET=latin1;

--
-- Dumping data for table `company`
--

INSERT INTO `company` (`cname`, `cid`, `rate`, `volume`, `ccode`) VALUES
('Bajaj Auto Limited ', 1000, 1738.00, 170, 'baj'),
('Bharat Heavy Electricals Ltd. ', 1001, 279.00, 7658, 'bhel'),
('Bharti Airtel Ltd. ', 1002, 360.00, 962, 'airt'),
('Cipla Ltd. ', 1003, 320.00, 400, 'cipl'),
('Coal India Ltd. ', 1004, 322.00, 7723, 'coal'),
('Dlf Limited ', 1005, 210.00, 100, 'dlf'),
('Hdfc Bank Ltd ', 1006, 460.00, 390, 'hdfc'),
('Hero Motocorp Ltd ', 1007, 1985.00, 1432, 'hero'),
('Hindalco Industries Ltd ', 1008, 131.20, 0, 'hind'),
('Hindustan Unilever Ltd. ', 1009, 410.00, 2200, 'huni'),
('Housing Development Fin. Corpn', 1010, 655.00, 2085, 'hodf'),
('Icici Bank Ltd. ', 1011, 763.00, 500, 'icici'),
('Infosys Ltd. ', 1012, 2700.00, 100, 'infy'),
('Itc Ltd. ', 1013, 208.00, 536, 'itc'),
('Jaiprakash Associates Limited ', 1014, 66.25, 739, 'jai'),
('Jindal Steel & Powers Ltd. ', 1015, 520.00, 130, 'jsp'),
('Larsen & Toubro Ltd. ', 1016, 1295.00, 100, 'lt'),
('Mahindra & Mahindra Ltd ', 1017, 760.00, 1083, 'mml'),
('Maruti Suzuki India Limited ', 1018, 900.00, 1300, 'maru'),
('Ntpc Ltd. ', 1019, 180.00, 290, 'ntpc'),
('Ongc Corpn ', 1020, 253.00, 4750, 'ongc'),
('Reliance Industries Ltd. ', 1021, 825.00, 200, 'rel'),
('Wipro Ltd. ', 1022, 402.00, 761, 'wip'),
('State Bank Of India ', 1023, 1750.00, 4100, 'sbi'),
('Sterlite Industries. ', 1024, 110.00, 11100, 'ster'),
('Sun Pharmaceutical Inds Ltd. ', 1025, 530.00, 100, 'sun'),
('Tata Consultancy Services Limited ', 1026, 1100.00, 1155, 'tcs'),
('Tata Motors Ltd. ', 1027, 175.00, 1202, 'tata'),
('Tata Power Co. Ltd. ', 1028, 96.00, 1810, 'tpc'),
('Tata Steel Limited. ', 1029, 402.60, 0, 'tsteel');

-- --------------------------------------------------------

--
-- Table structure for table `howmuchshares`
--

CREATE TABLE IF NOT EXISTS `howmuchshares` (
  `teamid` int(6) NOT NULL COMMENT 'team id which is a number',
  `teamname` varchar(12) NOT NULL COMMENT 'name of the team which could be specified by the user',
  `ccode` varchar(7) NOT NULL COMMENT 'company code',
  `noshares` int(16) NOT NULL COMMENT 'no of shares for the corresponding user for the corresponding company'
) ENGINE=InnoDB DEFAULT CHARSET=latin1;

--
-- Dumping data for table `howmuchshares`
--

INSERT INTO `howmuchshares` (`teamid`, `teamname`, `ccode`, `noshares`) VALUES
(121100, 'alpha1211', 'baj', 0),
(121101, 'beta1211', 'baj', 0),
(121102, 'gamma1211', 'baj', 145),
(121103, 'delta1211', 'baj', 0),
(121104, 'lambda1211', 'baj', 0),
(121105, 'epsilon1211', 'baj', 0),
(121106, 'omega1211', 'baj', 0),
(121107, 'sigma1211', 'baj', 0),
(121108, 'kappa1211', 'baj', 0),
(121109, 'omicron1211', 'baj', 50),
(121110, 'foreign11211', 'baj', 400),
(121111, 'foreign21211', 'baj', 50),
(121100, 'alpha1211', 'bhel', 109),
(121100, 'alpha1211', 'airt', 391),
(121100, 'alpha1211', 'cipl', 0),
(121100, 'alpha1211', 'coal', 7000),
(121100, 'alpha1211', 'dlf', 0),
(121100, 'alpha1211', 'hdfc', 0),
(121100, 'alpha1211', 'hero', 0),
(121100, 'alpha1211', 'hind', 0),
(121100, 'alpha1211', 'huni', 0),
(121100, 'alpha1211', 'hodf', 300),
(121100, 'alpha1211', 'icici', 0),
(121100, 'alpha1211', 'infy', 0),
(121100, 'alpha1211', 'itc', 0),
(121100, 'alpha1211', 'jai', 70),
(121100, 'alpha1211', 'jsp', 0),
(121100, 'alpha1211', 'lt', 0),
(121100, 'alpha1211', 'mml', 0),
(121100, 'alpha1211', 'maru', 0),
(121100, 'alpha1211', 'ntpc', 2),
(121100, 'alpha1211', 'ongc', 0),
(121100, 'alpha1211', 'rel', 150),
(121100, 'alpha1211', 'wip', 2),
(121100, 'alpha1211', 'sbi', 0),
(121100, 'alpha1211', 'ster', -1000),
(121100, 'alpha1211', 'sun', 0),
(121100, 'alpha1211', 'tcs', 51),
(121100, 'alpha1211', 'tata', 0),
(121100, 'alpha1211', 'tpc', 168),
(121100, 'alpha1211', 'tsteel', 0),
(121101, 'beta1211', 'bhel', 140),
(121101, 'beta1211', 'airt', 322),
(121101, 'beta1211', 'cipl', 150),
(121101, 'beta1211', 'coal', 0),
(121101, 'beta1211', 'dlf', 0),
(121101, 'beta1211', 'hdfc', 0),
(121101, 'beta1211', 'hero', 0),
(121101, 'beta1211', 'hind', 0),
(121101, 'beta1211', 'huni', 0),
(121101, 'beta1211', 'hodf', 0),
(121101, 'beta1211', 'icici', 0),
(121101, 'beta1211', 'infy', 50),
(121101, 'beta1211', 'itc', 200),
(121101, 'beta1211', 'jai', 0),
(121101, 'beta1211', 'jsp', 0),
(121101, 'beta1211', 'lt', 200),
(121101, 'beta1211', 'mml', 0),
(121101, 'beta1211', 'maru', 0),
(121101, 'beta1211', 'ntpc', 0),
(121101, 'beta1211', 'ongc', 0),
(121101, 'beta1211', 'rel', 0),
(121101, 'beta1211', 'wip', 0),
(121101, 'beta1211', 'sbi', 100),
(121101, 'beta1211', 'ster', 0),
(121101, 'beta1211', 'sun', 0),
(121101, 'beta1211', 'tcs', 205),
(121101, 'beta1211', 'tata', 0),
(121101, 'beta1211', 'tpc', 0),
(121101, 'beta1211', 'tsteel', 0),
(121102, 'gamma1211', 'bhel', -160),
(121102, 'gamma1211', 'airt', -9),
(121102, 'gamma1211', 'cipl', 194),
(121102, 'gamma1211', 'coal', 19),
(121102, 'gamma1211', 'dlf', 0),
(121102, 'gamma1211', 'hdfc', 0),
(121102, 'gamma1211', 'hero', 152),
(121102, 'gamma1211', 'hind', 200),
(121102, 'gamma1211', 'huni', 0),
(121102, 'gamma1211', 'hodf', 0),
(121102, 'gamma1211', 'icici', 0),
(121102, 'gamma1211', 'infy', 0),
(121102, 'gamma1211', 'itc', 352),
(121102, 'gamma1211', 'jai', 407),
(121102, 'gamma1211', 'jsp', 100),
(121102, 'gamma1211', 'lt', 0),
(121102, 'gamma1211', 'mml', 130),
(121102, 'gamma1211', 'maru', 80),
(121102, 'gamma1211', 'ntpc', 0),
(121102, 'gamma1211', 'ongc', 50),
(121102, 'gamma1211', 'rel', 0),
(121102, 'gamma1211', 'wip', 0),
(121102, 'gamma1211', 'sbi', 0),
(121102, 'gamma1211', 'ster', 0),
(121102, 'gamma1211', 'sun', 50),
(121102, 'gamma1211', 'tcs', 0),
(121102, 'gamma1211', 'tata', 100),
(121102, 'gamma1211', 'tpc', 156),
(121102, 'gamma1211', 'tsteel', 0),
(121103, 'delta1211', 'bhel', 118),
(121103, 'delta1211', 'airt', 0),
(121103, 'delta1211', 'cipl', 0),
(121103, 'delta1211', 'coal', 461),
(121103, 'delta1211', 'dlf', 0),
(121103, 'delta1211', 'hdfc', 0),
(121103, 'delta1211', 'hero', 100),
(121103, 'delta1211', 'hind', 0),
(121103, 'delta1211', 'huni', 0),
(121103, 'delta1211', 'hodf', 138),
(121103, 'delta1211', 'icici', 0),
(121103, 'delta1211', 'infy', 0),
(121103, 'delta1211', 'itc', 150),
(121103, 'delta1211', 'jai', 1005),
(121103, 'delta1211', 'jsp', 0),
(121103, 'delta1211', 'lt', 0),
(121103, 'delta1211', 'mml', 0),
(121103, 'delta1211', 'maru', 0),
(121103, 'delta1211', 'ntpc', 0),
(121103, 'delta1211', 'ongc', 0),
(121103, 'delta1211', 'rel', 0),
(121103, 'delta1211', 'wip', 0),
(121103, 'delta1211', 'sbi', 0),
(121103, 'delta1211', 'ster', 0),
(121103, 'delta1211', 'sun', 0),
(121103, 'delta1211', 'tcs', 0),
(121103, 'delta1211', 'tata', 0),
(121103, 'delta1211', 'tpc', 0),
(121103, 'delta1211', 'tsteel', 0),
(121104, 'lambda1211', 'bhel', 0),
(121104, 'lambda1211', 'airt', 130),
(121104, 'lambda1211', 'cipl', 0),
(121104, 'lambda1211', 'coal', 0),
(121104, 'lambda1211', 'dlf', 0),
(121104, 'lambda1211', 'hdfc', 700),
(121104, 'lambda1211', 'hero', 250),
(121104, 'lambda1211', 'hind', 0),
(121104, 'lambda1211', 'huni', -50),
(121104, 'lambda1211', 'hodf', 0),
(121104, 'lambda1211', 'icici', 0),
(121104, 'lambda1211', 'infy', 0),
(121104, 'lambda1211', 'itc', 110),
(121104, 'lambda1211', 'jai', 250),
(121104, 'lambda1211', 'jsp', 0),
(121104, 'lambda1211', 'lt', 0),
(121104, 'lambda1211', 'mml', 0),
(121104, 'lambda1211', 'maru', 500),
(121104, 'lambda1211', 'ntpc', 0),
(121104, 'lambda1211', 'ongc', 250),
(121104, 'lambda1211', 'rel', 0),
(121104, 'lambda1211', 'wip', -200),
(121104, 'lambda1211', 'sbi', 100),
(121104, 'lambda1211', 'ster', 200),
(121104, 'lambda1211', 'sun', 0),
(121104, 'lambda1211', 'tcs', 0),
(121104, 'lambda1211', 'tata', 0),
(121104, 'lambda1211', 'tpc', -100),
(121104, 'lambda1211', 'tsteel', 0),
(121105, 'epsilon1211', 'bhel', 0),
(121105, 'epsilon1211', 'airt', 100),
(121105, 'epsilon1211', 'cipl', 50),
(121105, 'epsilon1211', 'coal', 99),
(121105, 'epsilon1211', 'dlf', 150),
(121105, 'epsilon1211', 'hdfc', 0),
(121105, 'epsilon1211', 'hero', 0),
(121105, 'epsilon1211', 'hind', 0),
(121105, 'epsilon1211', 'huni', 0),
(121105, 'epsilon1211', 'hodf', 0),
(121105, 'epsilon1211', 'icici', 0),
(121105, 'epsilon1211', 'infy', 0),
(121105, 'epsilon1211', 'itc', 0),
(121105, 'epsilon1211', 'jai', 100),
(121105, 'epsilon1211', 'jsp', 0),
(121105, 'epsilon1211', 'lt', 100),
(121105, 'epsilon1211', 'mml', 20),
(121105, 'epsilon1211', 'maru', 0),
(121105, 'epsilon1211', 'ntpc', 0),
(121105, 'epsilon1211', 'ongc', 0),
(121105, 'epsilon1211', 'rel', 50),
(121105, 'epsilon1211', 'wip', 0),
(121105, 'epsilon1211', 'sbi', 100),
(121105, 'epsilon1211', 'ster', 100),
(121105, 'epsilon1211', 'sun', 0),
(121105, 'epsilon1211', 'tcs', 200),
(121105, 'epsilon1211', 'tata', 0),
(121105, 'epsilon1211', 'tpc', 50),
(121105, 'epsilon1211', 'tsteel', 100),
(121106, 'omega1211', 'bhel', 200),
(121106, 'omega1211', 'airt', 100),
(121106, 'omega1211', 'cipl', 0),
(121106, 'omega1211', 'coal', 0),
(121106, 'omega1211', 'dlf', 0),
(121106, 'omega1211', 'hdfc', 90),
(121106, 'omega1211', 'hero', 70),
(121106, 'omega1211', 'hind', 0),
(121106, 'omega1211', 'huni', 0),
(121106, 'omega1211', 'hodf', 0),
(121106, 'omega1211', 'icici', 0),
(121106, 'omega1211', 'infy', 0),
(121106, 'omega1211', 'itc', 0),
(121106, 'omega1211', 'jai', 300),
(121106, 'omega1211', 'jsp', 0),
(121106, 'omega1211', 'lt', 100),
(121106, 'omega1211', 'mml', 0),
(121106, 'omega1211', 'maru', 339),
(121106, 'omega1211', 'ntpc', 10),
(121106, 'omega1211', 'ongc', 100),
(121106, 'omega1211', 'rel', 0),
(121106, 'omega1211', 'wip', 98),
(121106, 'omega1211', 'sbi', 520),
(121106, 'omega1211', 'ster', 0),
(121106, 'omega1211', 'sun', 100),
(121106, 'omega1211', 'tcs', 0),
(121106, 'omega1211', 'tata', 200),
(121106, 'omega1211', 'tpc', 0),
(121106, 'omega1211', 'tsteel', 0),
(121107, 'sigma1211', 'bhel', 10),
(121107, 'sigma1211', 'airt', 0),
(121107, 'sigma1211', 'cipl', 0),
(121107, 'sigma1211', 'coal', 140),
(121107, 'sigma1211', 'dlf', 0),
(121107, 'sigma1211', 'hdfc', 0),
(121107, 'sigma1211', 'hero', 0),
(121107, 'sigma1211', 'hind', 0),
(121107, 'sigma1211', 'huni', 0),
(121107, 'sigma1211', 'hodf', 0),
(121107, 'sigma1211', 'icici', 0),
(121107, 'sigma1211', 'infy', 50),
(121107, 'sigma1211', 'itc', 75),
(121107, 'sigma1211', 'jai', 0),
(121107, 'sigma1211', 'jsp', 0),
(121107, 'sigma1211', 'lt', 0),
(121107, 'sigma1211', 'mml', 2),
(121107, 'sigma1211', 'maru', 171),
(121107, 'sigma1211', 'ntpc', 0),
(121107, 'sigma1211', 'ongc', 500),
(121107, 'sigma1211', 'rel', 44),
(121107, 'sigma1211', 'wip', 0),
(121107, 'sigma1211', 'sbi', 2),
(121107, 'sigma1211', 'ster', 0),
(121107, 'sigma1211', 'sun', 0),
(121107, 'sigma1211', 'tcs', 49),
(121107, 'sigma1211', 'tata', 798),
(121107, 'sigma1211', 'tpc', 0),
(121107, 'sigma1211', 'tsteel', 0),
(121108, 'kappa1211', 'bhel', 0),
(121108, 'kappa1211', 'airt', 0),
(121108, 'kappa1211', 'cipl', 116),
(121108, 'kappa1211', 'coal', 0),
(121108, 'kappa1211', 'dlf', 50),
(121108, 'kappa1211', 'hdfc', 0),
(121108, 'kappa1211', 'hero', 400),
(121108, 'kappa1211', 'hind', 0),
(121108, 'kappa1211', 'huni', 0),
(121108, 'kappa1211', 'hodf', 0),
(121108, 'kappa1211', 'icici', 0),
(121108, 'kappa1211', 'infy', 0),
(121108, 'kappa1211', 'itc', -150),
(121108, 'kappa1211', 'jai', 0),
(121108, 'kappa1211', 'jsp', 30),
(121108, 'kappa1211', 'lt', 150),
(121108, 'kappa1211', 'mml', 0),
(121108, 'kappa1211', 'maru', 0),
(121108, 'kappa1211', 'ntpc', 0),
(121108, 'kappa1211', 'ongc', 200),
(121108, 'kappa1211', 'rel', 0),
(121108, 'kappa1211', 'wip', 0),
(121108, 'kappa1211', 'sbi', 50),
(121108, 'kappa1211', 'ster', 0),
(121108, 'kappa1211', 'sun', 0),
(121108, 'kappa1211', 'tcs', 0),
(121108, 'kappa1211', 'tata', 0),
(121108, 'kappa1211', 'tpc', 29),
(121108, 'kappa1211', 'tsteel', 0),
(121109, 'omicron1211', 'bhel', -710),
(121109, 'omicron1211', 'airt', 195),
(121109, 'omicron1211', 'cipl', 0),
(121109, 'omicron1211', 'coal', 365),
(121109, 'omicron1211', 'dlf', 0),
(121109, 'omicron1211', 'hdfc', 0),
(121109, 'omicron1211', 'hero', 228),
(121109, 'omicron1211', 'hind', 0),
(121109, 'omicron1211', 'huni', 0),
(121109, 'omicron1211', 'hodf', 0),
(121109, 'omicron1211', 'icici', 0),
(121109, 'omicron1211', 'infy', 0),
(121109, 'omicron1211', 'itc', 4),
(121109, 'omicron1211', 'jai', 0),
(121109, 'omicron1211', 'jsp', 200),
(121109, 'omicron1211', 'lt', 0),
(121109, 'omicron1211', 'mml', 1000),
(121109, 'omicron1211', 'maru', 0),
(121109, 'omicron1211', 'ntpc', 100),
(121109, 'omicron1211', 'ongc', 0),
(121109, 'omicron1211', 'rel', 0),
(121109, 'omicron1211', 'wip', 0),
(121109, 'omicron1211', 'sbi', 0),
(121109, 'omicron1211', 'ster', 0),
(121109, 'omicron1211', 'sun', 0),
(121109, 'omicron1211', 'tcs', 0),
(121109, 'omicron1211', 'tata', 0),
(121109, 'omicron1211', 'tpc', 1000),
(121109, 'omicron1211', 'tsteel', 0),
(121110, 'foreign11211', 'bhel', 300),
(121110, 'foreign11211', 'airt', 0),
(121110, 'foreign11211', 'cipl', 0),
(121110, 'foreign11211', 'coal', -100),
(121110, 'foreign11211', 'dlf', -100),
(121110, 'foreign11211', 'hdfc', 0),
(121110, 'foreign11211', 'hero', -99),
(121110, 'foreign11211', 'hind', 0),
(121110, 'foreign11211', 'huni', 150),
(121110, 'foreign11211', 'hodf', 0),
(121110, 'foreign11211', 'icici', 200),
(121110, 'foreign11211', 'infy', 0),
(121110, 'foreign11211', 'itc', 50),
(121110, 'foreign11211', 'jai', 532),
(121110, 'foreign11211', 'jsp', -130),
(121110, 'foreign11211', 'lt', -100),
(121110, 'foreign11211', 'mml', -1000),
(121110, 'foreign11211', 'maru', -1040),
(121110, 'foreign11211', 'ntpc', 0),
(121110, 'foreign11211', 'ongc', -4750),
(121110, 'foreign11211', 'rel', 0),
(121110, 'foreign11211', 'wip', 359),
(121110, 'foreign11211', 'sbi', -4100),
(121110, 'foreign11211', 'ster', 900),
(121110, 'foreign11211', 'sun', 100),
(121110, 'foreign11211', 'tcs', -1005),
(121110, 'foreign11211', 'tata', -998),
(121110, 'foreign11211', 'tpc', -1098),
(121110, 'foreign11211', 'tsteel', 0),
(121111, 'foreign21211', 'bhel', 2382),
(121111, 'foreign21211', 'airt', -29),
(121111, 'foreign21211', 'cipl', 140),
(121111, 'foreign21211', 'coal', -7279),
(121111, 'foreign21211', 'dlf', 0),
(121111, 'foreign21211', 'hdfc', 160),
(121111, 'foreign21211', 'hero', -991),
(121111, 'foreign21211', 'hind', 0),
(121111, 'foreign21211', 'huni', 0),
(121111, 'foreign21211', 'hodf', 85),
(121111, 'foreign21211', 'icici', 0),
(121111, 'foreign21211', 'infy', -50),
(121111, 'foreign21211', 'itc', 59),
(121111, 'foreign21211', 'jai', 25),
(121111, 'foreign21211', 'jsp', 0),
(121111, 'foreign21211', 'lt', 0),
(121111, 'foreign21211', 'mml', 3),
(121111, 'foreign21211', 'maru', 0),
(121111, 'foreign21211', 'ntpc', 188),
(121111, 'foreign21211', 'ongc', 4000),
(121111, 'foreign21211', 'rel', 160),
(121111, 'foreign21211', 'wip', 200),
(121111, 'foreign21211', 'sbi', 3500),
(121111, 'foreign21211', 'ster', 0),
(121111, 'foreign21211', 'sun', 0),
(121111, 'foreign21211', 'tcs', 900),
(121111, 'foreign21211', 'tata', 0),
(121111, 'foreign21211', 'tpc', 0),
(121111, 'foreign21211', 'tsteel', 0);

-- --------------------------------------------------------

--
-- Table structure for table `initial`
--

CREATE TABLE IF NOT EXISTS `initial` (
  `cname` varchar(35) NOT NULL COMMENT 'name of the company',
  `cid` int(6) NOT NULL COMMENT 'unique id of the company',
  `rate` decimal(16,2) NOT NULL COMMENT 'rate of the share',
  `ccode` varchar(7) NOT NULL COMMENT 'company short code',
  `qtyavl` int(16) NOT NULL COMMENT 'Quantity of the shares available during initial stock period ',
  PRIMARY KEY (`cid`)
) ENGINE=InnoDB DEFAULT CHARSET=latin1;

--
-- Dumping data for table `initial`
--

INSERT INTO `initial` (`cname`, `cid`, `rate`, `ccode`, `qtyavl`) VALUES
('Bajaj Auto Limited ', 1000, 1703.35, 'baj', -26),
('Bharat Heavy Electricals Ltd. ', 1001, 275.25, 'bhel', -2951),
('Bharti Airtel Ltd. ', 1002, 378.95, 'airt', -877),
('Cipla Ltd. ', 1003, 329.95, 'cipl', 205),
('Coal India Ltd. ', 1004, 330.55, 'coal', 275),
('Dlf Limited ', 1005, 218.15, 'dlf', 875),
('Hdfc Bank Ltd ', 1006, 453.45, 'hdfc', 35),
('Hero Motocorp Ltd ', 1007, 2089.90, 'hero', 810),
('Hindalco Industries Ltd ', 1008, 131.20, 'hind', 750),
('Hindustan Unilever Ltd. ', 1009, 391.00, 'huni', 900),
('Housing Development Fin. Corpn', 1010, 655.85, 'hodf', 477),
('Icici Bank Ltd. ', 1011, 762.45, 'icici', 740),
('Infosys Ltd. ', 1012, 2652.80, 'infy', 930),
('Itc Ltd. ', 1013, 203.60, 'itc', 150),
('Jaiprakash Associates Limited ', 1014, 64.95, 'jai', -1689),
('Jindal Steel & Powers Ltd. ', 1015, 522.10, 'jsp', 800),
('Larsen & Toubro Ltd. ', 1016, 1294.70, 'lt', 535),
('Mahindra & Mahindra Ltd ', 1017, 729.80, 'mml', 845),
('Maruti Suzuki India Limited ', 1018, 962.00, 'maru', 882),
('Ntpc Ltd. ', 1019, 166.30, 'ntpc', 680),
('Ongc Corpn ', 1020, 266.05, 'ongc', 650),
('Reliance Industries Ltd. ', 1021, 798.50, 'rel', 596),
('Wipro Ltd. ', 1022, 386.10, 'wip', 541),
('State Bank Of India ', 1023, 1819.25, 'sbi', 720),
('Sterlite Industries. ', 1024, 105.45, 'ster', 800),
('Sun Pharmaceutical Inds Ltd. ', 1025, 522.30, 'sun', 750),
('Tata Consultancy Services Limited ', 1026, 1134.75, 'tcs', 582),
('Tata Motors Ltd. ', 1027, 182.90, 'tata', 900),
('Tata Power Co. Ltd. ', 1028, 92.90, 'tpc', 750),
('Tata Steel Limited. ', 1029, 402.60, 'tsteel', 900);

-- --------------------------------------------------------

--
-- Table structure for table `login`
--

CREATE TABLE IF NOT EXISTS `login` (
  `username` varchar(12) NOT NULL COMMENT 'username of each team',
  `password` varchar(6) NOT NULL COMMENT 'huh?',
  PRIMARY KEY (`username`)
) ENGINE=InnoDB DEFAULT CHARSET=latin1;

--
-- Dumping data for table `login`
--

INSERT INTO `login` (`username`, `password`) VALUES
('alpha1211', 'qwerty'),
('beta1211', 'wertyu'),
('delta1211', 'rtyuio'),
('epsilon1211', 'yuiopa'),
('foreign11211', 'asdfgh'),
('foreign21211', 'sdfghj'),
('gamma1211', 'ertyui'),
('kappa1211', 'opasdf'),
('lambda1211', 'tyuiop'),
('omega1211', 'uiopas'),
('omicron1211', 'pasdfg'),
('sigma1211', 'iopasd');

-- --------------------------------------------------------

--
-- Table structure for table `sellprop`
--

CREATE TABLE IF NOT EXISTS `sellprop` (
  `sid` varchar(12) NOT NULL COMMENT 'id of seller(name) who proposes to sell certain number of shares',
  `ccode` varchar(7) NOT NULL COMMENT 'the company which they want to buy',
  `rate` decimal(16,2) NOT NULL COMMENT 'the rate which the buyer proposes',
  `qty` int(16) NOT NULL COMMENT 'quantity proposed',
  `propid` int(12) NOT NULL AUTO_INCREMENT COMMENT 'Id for each proposal',
  PRIMARY KEY (`propid`)
) ENGINE=InnoDB  DEFAULT CHARSET=latin1 AUTO_INCREMENT=189 ;

--
-- Dumping data for table `sellprop`
--

INSERT INTO `sellprop` (`sid`, `ccode`, `rate`, `qty`, `propid`) VALUES
('omicron1211', 'itc', 212.00, 4, 44),
('foreign21211', 'infy', 2700.00, 450, 78),
('sigma1211', 'coal', 342.00, 20, 79),
('delta1211', 'hodf', 675.00, 38, 89),
('kappa1211', 'sbi', 1900.00, 90, 91),
('delta1211', 'coal', 338.00, 266, 92),
('foreign11211', 'tsteel', 385.00, 1000, 93),
('omicron1211', 'bhel', 280.00, 50, 94),
('omega1211', 'wip', 400.00, 98, 97),
('omicron1211', 'bhel', 279.50, 100, 98),
('lambda1211', 'airt', 390.00, 30, 99),
('gamma1211', 'tpc', 100.00, 2, 100),
('foreign11211', 'sbi', 1750.00, 900, 101),
('gamma1211', 'tpc', 100.00, 2, 102),
('foreign11211', 'ongc', 253.00, 6500, 106),
('delta1211', 'coal', 338.00, 480, 108),
('omicron1211', 'bhel', 289.00, 300, 111),
('omicron1211', 'bhel', 290.00, 300, 113),
('lambda1211', 'bhel', 290.00, 50, 116),
('omicron1211', 'bhel', 279.00, 1, 118),
('kappa1211', 'bhel', 280.00, 50, 121),
('lambda1211', 'bhel', 290.00, 50, 122),
('epsilon1211', 'rel', 820.00, 50, 123),
('omicron1211', 'coal', 340.00, 165, 124),
('lambda1211', 'bhel', 281.00, 50, 125),
('omega1211', 'sun', 530.00, 200, 126),
('epsilon1211', 'airt', 390.00, 75, 127),
('lambda1211', 'bhel', 280.00, 50, 128),
('lambda1211', 'bhel', 280.00, 50, 129),
('omicron1211', 'hero', 1988.00, 398, 130),
('epsilon1211', 'coal', 338.00, 100, 131),
('omicron1211', 'coal', 338.00, 365, 134),
('kappa1211', 'hero', 1988.00, 100, 135),
('omega1211', 'ntpc', 180.00, 10, 136),
('lambda1211', 'airt', 390.00, 50, 137),
('foreign21211', 'coal', 322.00, 820, 138),
('lambda1211', 'airt', 390.00, 50, 139),
('lambda1211', 'airt', 390.00, 50, 140),
('lambda1211', 'airt', 390.00, 50, 141),
('kappa1211', 'hero', 2000.00, 100, 142),
('lambda1211', 'airt', 390.00, 50, 143),
('lambda1211', 'airt', 390.00, 50, 144),
('lambda1211', 'airt', 390.00, 50, 146),
('omicron1211', 'hero', 1985.00, 228, 148),
('omicron1211', 'mml', 750.00, 1000, 149),
('lambda1211', 'hdfc', 460.00, 50, 150),
('epsilon1211', 'infy', 2650.80, 50, 151),
('lambda1211', 'hdfc', 460.00, 50, 153),
('lambda1211', 'hdfc', 460.00, 50, 154),
('lambda1211', 'hdfc', 460.00, 50, 155),
('lambda1211', 'hdfc', 460.00, 50, 156),
('omicron1211', 'airt', 390.00, 309, 158),
('lambda1211', 'huni', 410.00, 50, 160),
('kappa1211', 'hero', 1995.00, 100, 161),
('lambda1211', 'huni', 410.00, 50, 162),
('lambda1211', 'huni', 410.00, 50, 163),
('lambda1211', 'huni', 410.00, 50, 164),
('omicron1211', 'tpc', 96.00, 1000, 165),
('lambda1211', 'huni', 410.00, 50, 166),
('lambda1211', 'huni', 410.00, 50, 167),
('kappa1211', 'cipl', 325.00, 116, 168),
('lambda1211', 'huni', 410.00, 50, 169),
('epsilon1211', 'rel', 820.00, 50, 170),
('omicron1211', 'airt', 362.00, 109, 171),
('lambda1211', 'huni', 410.00, 50, 172),
('lambda1211', 'huni', 410.00, 50, 173),
('epsilon1211', 'airt', 362.00, 50, 174),
('lambda1211', 'huni', 410.00, 50, 175),
('kappa1211', 'ongc', 260.00, 100, 176),
('omicron1211', 'airt', 360.00, 395, 177),
('alpha1211', 'icici', 764.00, 100, 178),
('lambda1211', 'itc', 210.00, 10, 180),
('delta1211', 'jai', 66.25, 500, 181),
('lambda1211', 'itc', 210.00, 50, 182),
('lambda1211', 'itc', 210.00, 50, 183),
('omega1211', 'lt', 1294.00, 50, 184),
('kappa1211', 'tpc', 100.00, 29, 185),
('omicron1211', 'mml', 750.00, 1000, 186),
('foreign11211', 'baj', 1700.00, 300, 187),
('alpha1211', 'baj', 1700.00, 1000, 188);

-- --------------------------------------------------------

--
-- Table structure for table `teamdetails`
--

CREATE TABLE IF NOT EXISTS `teamdetails` (
  `teamid` int(6) NOT NULL COMMENT 'team id which is a number',
  `teamname` varchar(12) NOT NULL COMMENT 'name(username) of the team',
  `cash` decimal(16,2) NOT NULL COMMENT 'total cash in hands',
  `nooftrans` int(10) NOT NULL COMMENT 'no pf successful transactions',
  `teamcompname` varchar(30) NOT NULL COMMENT 'name of the team''s company',
  PRIMARY KEY (`teamid`)
) ENGINE=InnoDB DEFAULT CHARSET=latin1;

--
-- Dumping data for table `teamdetails`
--

INSERT INTO `teamdetails` (`teamid`, `teamname`, `cash`, `nooftrans`, `teamcompname`) VALUES
(121100, 'alpha1211', -1733440.61, 48, 'Alpha Corp '),
(121101, 'beta1211', 6723.65, 27, 'Beta Corp '),
(121102, 'gamma1211', 67.78, 62, 'Gamma Corp '),
(121103, 'delta1211', 439502.30, 51, 'Delta Corp '),
(121104, 'lambda1211', -509851.87, 52, 'Lambda Corp '),
(121105, 'epsilon1211', 224036.93, 42, 'Epsilon Corp '),
(121106, 'omega1211', -807609.80, 23, 'Omega Corp '),
(121107, 'sigma1211', 325232.76, 28, 'Sigma Corp '),
(121108, 'kappa1211', -176314.04, 20, 'Kappa Corp '),
(121109, 'omicron1211', -491654.45, 79, 'Omicron Corp '),
(121110, 'foreign11211', 20326084.28, 69, 'Foreign Investor1 '),
(121111, 'foreign21211', 5065511.61, 39, 'Foreign Investor2 ');

-- --------------------------------------------------------

--
-- Table structure for table `transaction`
--

CREATE TABLE IF NOT EXISTS `transaction` (
  `tid` int(12) NOT NULL AUTO_INCREMENT COMMENT 'transaction id increments itself after every successful transaction',
  `bid` varchar(14) NOT NULL COMMENT 'buyer id',
  `sid` varchar(14) NOT NULL COMMENT 'seller id',
  `rate` decimal(16,2) NOT NULL COMMENT 'the rate at which the transaction is carried out',
  `qty` int(12) NOT NULL COMMENT 'number of shares involved in the transaction',
  `timeoftr` varchar(30) NOT NULL COMMENT 'time at which the transaction takes place',
  PRIMARY KEY (`tid`)
) ENGINE=InnoDB  DEFAULT CHARSET=latin1 COMMENT='transaction table maintains the details of the successful transactions involved' AUTO_INCREMENT=324 ;

--
-- Dumping data for table `transaction`
--

INSERT INTO `transaction` (`tid`, `bid`, `sid`, `rate`, `qty`, `timeoftr`) VALUES
(49, 'gamma1211', 'delta1211', 1297.00, 10, '11/12/11 : 09:02:48'),
(50, 'epsilon1211', 'beta1211', 270.00, 6, '11/12/11 : 09:05:27'),
(51, 'omicron1211', 'gamma1211', 1730.00, 10, '11/12/11 : 09:05:31'),
(52, 'gamma1211', 'epsilon1211', 1700.00, 5, '11/12/11 : 09:06:33'),
(53, 'sigma1211', 'beta1211', 1704.00, 20, '11/12/11 : 09:07:15'),
(54, 'gamma1211', 'kappa1211', 95.90, 60, '11/12/11 : 11:21:44'),
(55, 'omega1211', 'sigma1211', 930.00, 10, '11/12/11 : 11:22:44'),
(56, 'kappa1211', 'epsilon1211', 166.30, 100, '11/12/11 : 11:25:49'),
(57, 'beta1211', 'lambda1211', 276.00, 500, '11/12/11 : 11:26:04'),
(58, 'foreign11211', 'kappa1211', 278.25, 50, '11/12/11 : 11:26:32'),
(59, 'sigma1211', 'epsilon1211', 820.00, 30, '11/12/11 : 11:26:54'),
(60, 'omicron1211', 'delta1211', 280.30, 1089, '11/12/11 : 11:28:19'),
(61, 'omicron1211', 'lambda1211', 380.00, 200, '11/12/11 : 11:28:45'),
(62, 'lambda1211', 'epsilon1211', 68.00, 100, '11/12/11 : 11:30:17'),
(63, 'delta1211', 'epsilon1211', 92.00, 100, '11/12/11 : 11:30:21'),
(64, 'gamma1211', 'delta1211', 66.00, 1, '11/12/11 : 11:30:58'),
(65, 'alpha1211', 'lambda1211', 96.00, 150, '11/12/11 : 11:31:06'),
(66, 'sigma1211', 'delta1211', 338.00, 40, '11/12/11 : 11:31:08'),
(67, 'beta1211', 'alpha1211', 1135.75, 150, '11/12/11 : 11:31:39'),
(68, 'omega1211', 'foreign11211', 270.00, 100, '11/12/11 : 11:31:39'),
(69, 'beta1211', 'foreign11211', 257.00, 500, '11/12/11 : 11:33:18'),
(70, 'omicron1211', 'foreign11211', 275.25, 50, '11/12/11 : 11:33:22'),
(71, 'beta1211', 'foreign11211', 288.00, 25, '11/12/11 : 11:33:35'),
(72, 'gamma1211', 'foreign11211', 1620.00, 50, '11/12/11 : 11:33:39'),
(73, 'omega1211', 'foreign11211', 276.00, 100, '11/12/11 : 11:33:51'),
(74, 'delta1211', 'foreign11211', 257.00, 250, '11/12/11 : 11:34:03'),
(75, 'epsilon1211', 'beta1211', 276.00, 50, '11/12/11 : 11:34:10'),
(76, 'omicron1211', 'foreign11211', 325.00, 100, '11/12/11 : 11:34:17'),
(77, 'beta1211', 'foreign11211', 257.00, 250, '11/12/11 : 11:34:20'),
(78, 'sigma1211', 'epsilon1211', 2652.80, 40, '11/12/11 : 11:34:23'),
(79, 'omicron1211', 'delta1211', 275.25, 100, '11/12/11 : 11:34:28'),
(80, 'omicron1211', 'delta1211', 338.00, 65, '11/12/11 : 11:34:38'),
(81, 'omicron1211', 'delta1211', 275.25, 50, '11/12/11 : 11:34:39'),
(82, 'foreign11211', 'sigma1211', 184.00, 2, '11/12/11 : 11:35:40'),
(83, 'kappa1211', 'foreign11211', 315.00, 100, '11/12/11 : 11:35:43'),
(84, 'foreign11211', 'delta1211', 394.00, 259, '11/12/11 : 11:36:10'),
(85, 'foreign11211', 'omega1211', 395.00, 100, '11/12/11 : 11:36:19'),
(86, 'omicron1211', 'lambda1211', 274.00, 400, '11/12/11 : 11:36:28'),
(87, 'foreign11211', 'omega1211', 530.00, 100, '11/12/11 : 11:36:33'),
(88, 'lambda1211', 'foreign11211', 900.00, 500, '11/12/11 : 11:36:44'),
(89, 'kappa1211', 'foreign11211', 210.00, 50, '11/12/11 : 11:36:44'),
(90, 'gamma1211', 'delta1211', 66.00, 1, '11/12/11 : 11:36:48'),
(91, 'foreign21211', 'lambda1211', 454.50, 200, '11/12/11 : 11:36:54'),
(92, 'epsilon1211', 'sigma1211', 96.00, 4, '11/12/11 : 11:36:55'),
(93, 'beta1211', 'lambda1211', 454.50, 50, '11/12/11 : 11:37:04'),
(94, 'gamma1211', 'delta1211', 66.00, 1, '11/12/11 : 11:37:05'),
(95, 'epsilon1211', 'delta1211', 95.00, 100, '11/12/11 : 11:37:07'),
(96, 'omicron1211', 'foreign11211', 2089.00, 100, '11/12/11 : 11:37:17'),
(97, 'foreign21211', 'beta1211', 470.00, 50, '11/12/11 : 11:37:19'),
(98, 'gamma1211', 'delta1211', 66.00, 1, '11/12/11 : 11:37:25'),
(99, 'kappa1211', 'delta1211', 340.00, 20, '11/12/11 : 11:37:27'),
(100, 'foreign21211', 'gamma1211', 2193.45, 9, '11/12/11 : 11:37:33'),
(101, 'gamma1211', 'delta1211', 66.00, 1, '11/12/11 : 11:37:36'),
(102, 'alpha1211', 'omicron1211', 279.00, 100, '11/12/11 : 11:37:46'),
(103, 'gamma1211', 'delta1211', 66.00, 1, '11/12/11 : 11:37:47'),
(104, 'foreign11211', 'gamma1211', 2193.45, 1, '11/12/11 : 11:37:48'),
(105, 'foreign11211', 'alpha1211', 763.45, 300, '11/12/11 : 11:37:58'),
(106, 'gamma1211', 'delta1211', 66.00, 1, '11/12/11 : 11:38:02'),
(107, 'kappa1211', 'foreign21211', 1988.00, 500, '11/12/11 : 11:38:02'),
(108, 'foreign11211', 'delta1211', 66.00, 532, '11/12/11 : 11:38:10'),
(109, 'foreign21211', 'kappa1211', 174.00, 98, '11/12/11 : 11:38:15'),
(110, 'beta1211', 'foreign11211', 1155.00, 5, '11/12/11 : 11:38:20'),
(111, 'omicron1211', 'gamma1211', 380.00, 3, '11/12/11 : 11:38:23'),
(112, 'alpha1211', 'omicron1211', 279.00, 1, '11/12/11 : 11:38:29'),
(113, 'foreign21211', 'foreign11211', 1100.00, 900, '11/12/11 : 11:38:34'),
(114, 'alpha1211', 'omicron1211', 279.00, 1, '11/12/11 : 11:38:49'),
(115, 'alpha1211', 'omicron1211', 279.00, 1, '11/12/11 : 11:39:03'),
(116, 'alpha1211', 'omicron1211', 279.00, 1, '11/12/11 : 11:39:20'),
(117, 'kappa1211', 'foreign11211', 525.00, 30, '11/12/11 : 11:39:24'),
(118, 'omicron1211', 'foreign11211', 1620.00, 50, '11/12/11 : 11:39:25'),
(119, 'sigma1211', 'epsilon1211', 2652.80, 10, '11/12/11 : 11:39:37'),
(120, 'omicron1211', 'foreign11211', 520.00, 100, '11/12/11 : 11:39:38'),
(121, 'foreign21211', 'delta1211', 1738.00, 49, '11/12/11 : 11:39:44'),
(122, 'alpha1211', 'omicron1211', 279.00, 1, '11/12/11 : 11:39:46'),
(123, 'omega1211', 'foreign11211', 1295.00, 100, '11/12/11 : 11:39:48'),
(124, 'alpha1211', 'omicron1211', 279.00, 1, '11/12/11 : 11:39:55'),
(125, 'omicron1211', 'gamma1211', 380.00, 2, '11/12/11 : 11:39:55'),
(126, 'alpha1211', 'omicron1211', 279.00, 1, '11/12/11 : 11:40:06'),
(127, 'alpha1211', 'omicron1211', 279.00, 1, '11/12/11 : 11:40:06'),
(128, 'omicron1211', 'gamma1211', 381.00, 2, '11/12/11 : 11:40:07'),
(129, 'omicron1211', 'gamma1211', 382.00, 2, '11/12/11 : 11:40:21'),
(130, 'epsilon1211', 'beta1211', 395.00, 100, '11/12/11 : 11:40:35'),
(131, 'alpha1211', 'kappa1211', 174.00, 1, '11/12/11 : 11:40:46'),
(132, 'omicron1211', 'foreign11211', 700.00, 1000, '11/12/11 : 11:40:52'),
(133, 'lambda1211', 'foreign21211', 1988.00, 200, '11/12/11 : 11:40:52'),
(134, 'epsilon1211', 'foreign11211', 1100.00, 50, '11/12/11 : 11:40:54'),
(135, 'sigma1211', 'foreign11211', 900.00, 11, '11/12/11 : 11:40:56'),
(136, 'epsilon1211', 'gamma1211', 96.00, 2, '11/12/11 : 11:41:14'),
(137, 'alpha1211', 'kappa1211', 174.00, 1, '11/12/11 : 11:41:20'),
(138, 'epsilon1211', 'gamma1211', 96.00, 2, '11/12/11 : 11:41:27'),
(139, 'sigma1211', 'foreign11211', 900.00, 50, '11/12/11 : 11:41:51'),
(140, 'alpha1211', 'lambda1211', 96.00, 1, '11/12/11 : 11:41:57'),
(141, 'foreign21211', 'beta1211', 390.00, 80, '11/12/11 : 11:42:03'),
(142, 'omega1211', 'sigma1211', 930.00, 50, '11/12/11 : 11:42:23'),
(143, 'alpha1211', 'lambda1211', 96.00, 1, '11/12/11 : 11:42:39'),
(144, 'sigma1211', 'lambda1211', 96.00, 50, '11/12/11 : 11:43:14'),
(145, 'foreign21211', 'omicron1211', 279.00, 92, '11/12/11 : 11:43:16'),
(146, 'epsilon1211', 'sigma1211', 96.00, 42, '11/12/11 : 11:43:38'),
(147, 'epsilon1211', 'kappa1211', 331.00, 50, '11/12/11 : 11:43:43'),
(148, 'alpha1211', 'lambda1211', 96.00, 1, '11/12/11 : 11:43:52'),
(149, 'alpha1211', 'lambda1211', 96.00, 10, '11/12/11 : 11:44:05'),
(150, 'alpha1211', 'lambda1211', 96.00, 5, '11/12/11 : 11:44:23'),
(151, 'foreign21211', 'lambda1211', 66.25, 25, '11/12/11 : 11:44:56'),
(152, 'sigma1211', 'epsilon1211', 820.00, 10, '11/12/11 : 11:45:15'),
(153, 'lambda1211', 'foreign11211', 1750.00, 100, '11/12/11 : 11:45:19'),
(154, 'omicron1211', 'foreign21211', 1988.00, 300, '11/12/11 : 11:45:25'),
(155, 'foreign21211', 'delta1211', 1738.00, 1, '11/12/11 : 11:45:45'),
(156, 'beta1211', 'foreign11211', 285.00, 5, '11/12/11 : 11:45:47'),
(157, 'sigma1211', 'omicron1211', 279.00, 10, '11/12/11 : 11:46:06'),
(158, 'foreign21211', 'sigma1211', 760.00, 3, '11/12/11 : 11:46:09'),
(159, 'omega1211', 'foreign11211', 930.00, 40, '11/12/11 : 11:46:16'),
(160, 'foreign21211', 'epsilon1211', 820.00, 10, '11/12/11 : 11:46:54'),
(161, 'omega1211', 'foreign11211', 900.00, 439, '11/12/11 : 11:47:11'),
(162, 'foreign11211', 'omicron1211', 202.00, 50, '11/12/11 : 11:47:21'),
(163, 'epsilon1211', 'foreign11211', 210.00, 50, '11/12/11 : 11:47:40'),
(164, 'epsilon1211', 'foreign11211', 763.45, 100, '11/12/11 : 11:47:48'),
(165, 'sigma1211', 'foreign11211', 253.00, 500, '11/12/11 : 11:47:50'),
(166, 'foreign11211', 'omega1211', 342.00, 100, '11/12/11 : 11:48:13'),
(167, 'sigma1211', 'foreign11211', 175.00, 223, '11/12/11 : 11:48:25'),
(168, 'gamma1211', 'omicron1211', 279.00, 40, '11/12/11 : 11:48:31'),
(169, 'omega1211', 'sigma1211', 184.00, 200, '11/12/11 : 11:48:41'),
(170, 'foreign21211', 'beta1211', 281.00, 500, '11/12/11 : 11:48:47'),
(171, 'foreign21211', 'omicron1211', 204.00, 50, '11/12/11 : 11:49:13'),
(172, 'foreign21211', 'gamma1211', 320.00, 4, '11/12/11 : 11:49:15'),
(173, 'beta1211', 'alpha1211', 390.00, 80, '11/12/11 : 11:49:25'),
(174, 'foreign21211', 'gamma1211', 320.00, 4, '11/12/11 : 11:49:30'),
(175, 'foreign21211', 'gamma1211', 320.00, 4, '11/12/11 : 11:49:43'),
(176, 'foreign21211', 'foreign11211', 1750.00, 3500, '11/12/11 : 11:49:45'),
(177, 'foreign21211', 'gamma1211', 320.00, 4, '11/12/11 : 11:49:57'),
(178, 'omicron1211', 'sigma1211', 93.00, 9, '11/12/11 : 11:49:59'),
(179, 'foreign21211', 'foreign11211', 253.00, 4000, '11/12/11 : 11:50:13'),
(180, 'foreign21211', 'kappa1211', 320.00, 34, '11/12/11 : 11:50:19'),
(181, 'lambda1211', 'beta1211', 1988.00, 50, '11/12/11 : 11:50:26'),
(182, 'delta1211', 'omicron1211', 279.00, 1, '11/12/11 : 11:50:39'),
(183, 'foreign21211', 'delta1211', 675.00, 85, '11/12/11 : 11:50:48'),
(184, 'omicron1211', 'kappa1211', 330.00, 200, '11/12/11 : 11:51:20'),
(185, 'gamma1211', 'delta1211', 338.00, 2, '11/12/11 : 11:51:34'),
(186, 'foreign21211', 'beta1211', 279.45, 890, '11/12/11 : 11:51:42'),
(187, 'delta1211', 'omicron1211', 279.00, 1, '11/12/11 : 11:51:42'),
(188, 'gamma1211', 'delta1211', 338.00, 2, '11/12/11 : 11:51:45'),
(189, 'gamma1211', 'delta1211', 338.00, 5, '11/12/11 : 11:51:59'),
(190, 'alpha1211', 'lambda1211', 66.25, 10, '11/12/11 : 11:52:03'),
(191, 'delta1211', 'omicron1211', 279.00, 1, '11/12/11 : 11:52:07'),
(192, 'gamma1211', 'delta1211', 338.00, 5, '11/12/11 : 11:52:13'),
(193, 'alpha1211', 'lambda1211', 66.25, 10, '11/12/11 : 11:52:14'),
(194, 'gamma1211', 'delta1211', 338.00, 5, '11/12/11 : 11:52:24'),
(195, 'alpha1211', 'lambda1211', 66.25, 10, '11/12/11 : 11:52:25'),
(196, 'delta1211', 'omicron1211', 279.00, 1, '11/12/11 : 11:52:33'),
(197, 'alpha1211', 'lambda1211', 66.25, 10, '11/12/11 : 11:52:43'),
(198, 'delta1211', 'omicron1211', 279.00, 1, '11/12/11 : 11:52:46'),
(199, 'alpha1211', 'lambda1211', 66.25, 10, '11/12/11 : 11:52:52'),
(200, 'gamma1211', 'omicron1211', 1988.00, 2, '11/12/11 : 11:53:02'),
(201, 'alpha1211', 'lambda1211', 66.25, 10, '11/12/11 : 11:53:02'),
(202, 'sigma1211', 'omicron1211', 212.00, 75, '11/12/11 : 11:53:04'),
(203, 'alpha1211', 'lambda1211', 66.25, 10, '11/12/11 : 11:53:10'),
(204, 'delta1211', 'omicron1211', 279.00, 1, '11/12/11 : 11:53:13'),
(205, 'gamma1211', 'omicron1211', 212.00, 2, '11/12/11 : 11:53:15'),
(206, 'omicron1211', 'kappa1211', 93.00, 93, '11/12/11 : 11:53:19'),
(207, 'gamma1211', 'omicron1211', 212.00, 2, '11/12/11 : 11:53:28'),
(208, 'delta1211', 'omicron1211', 279.00, 1, '11/12/11 : 11:53:29'),
(209, 'gamma1211', 'omicron1211', 212.00, 2, '11/12/11 : 11:53:37'),
(210, 'delta1211', 'omicron1211', 279.00, 1, '11/12/11 : 11:53:43'),
(211, 'gamma1211', 'omicron1211', 212.00, 2, '11/12/11 : 11:53:46'),
(212, 'gamma1211', 'omicron1211', 212.00, 2, '11/12/11 : 11:53:56'),
(213, 'gamma1211', 'omicron1211', 212.00, 2, '11/12/11 : 11:53:56'),
(214, 'delta1211', 'omicron1211', 279.00, 1, '11/12/11 : 11:53:57'),
(215, 'sigma1211', 'foreign11211', 101.00, 5000, '11/12/11 : 11:54:04'),
(216, 'omicron1211', 'foreign11211', 93.00, 398, '11/12/11 : 11:54:08'),
(217, 'foreign11211', 'omicron1211', 267.00, 1000, '11/12/11 : 11:54:09'),
(218, 'delta1211', 'omicron1211', 279.00, 1, '11/12/11 : 11:54:09'),
(219, 'lambda1211', 'foreign11211', 92.90, 200, '11/12/11 : 11:54:18'),
(220, 'gamma1211', 'epsilon1211', 760.00, 10, '11/12/11 : 11:54:25'),
(221, 'delta1211', 'kappa1211', 1985.00, 100, '11/12/11 : 11:54:30'),
(222, 'foreign11211', 'omicron1211', 267.00, 100, '11/12/11 : 11:54:32'),
(223, 'gamma1211', 'epsilon1211', 760.00, 10, '11/12/11 : 11:54:49'),
(224, 'foreign11211', 'omicron1211', 267.00, 100, '11/12/11 : 11:54:49'),
(225, 'foreign11211', 'sigma1211', 110.00, 5000, '11/12/11 : 11:54:49'),
(226, 'alpha1211', 'foreign11211', 1100.00, 1, '11/12/11 : 11:54:58'),
(227, 'gamma1211', 'epsilon1211', 760.00, 10, '11/12/11 : 11:55:05'),
(228, 'gamma1211', 'epsilon1211', 760.00, 5, '11/12/11 : 11:55:13'),
(229, 'gamma1211', 'epsilon1211', 760.00, 5, '11/12/11 : 11:55:19'),
(230, 'omicron1211', 'foreign11211', 92.00, 500, '11/12/11 : 11:55:27'),
(231, 'omega1211', 'foreign21211', 460.00, 90, '11/12/11 : 11:55:31'),
(232, 'gamma1211', 'epsilon1211', 760.00, 5, '11/12/11 : 11:55:31'),
(233, 'beta1211', 'epsilon1211', 395.00, 100, '11/12/11 : 11:55:39'),
(234, 'gamma1211', 'epsilon1211', 760.00, 5, '11/12/11 : 11:55:39'),
(235, 'delta1211', 'omicron1211', 279.00, 1, '11/12/11 : 11:55:44'),
(236, 'gamma1211', 'epsilon1211', 760.00, 5, '11/12/11 : 11:55:45'),
(237, 'epsilon1211', 'foreign11211', 105.45, 50, '11/12/11 : 11:55:49'),
(238, 'gamma1211', 'epsilon1211', 760.00, 5, '11/12/11 : 11:55:51'),
(239, 'delta1211', 'omicron1211', 279.00, 1, '11/12/11 : 11:55:56'),
(240, 'epsilon1211', 'foreign11211', 101.00, 50, '11/12/11 : 11:55:58'),
(241, 'gamma1211', 'epsilon1211', 760.00, 5, '11/12/11 : 11:55:58'),
(242, 'foreign21211', 'omicron1211', 212.00, 9, '11/12/11 : 11:56:00'),
(243, 'gamma1211', 'epsilon1211', 760.00, 5, '11/12/11 : 11:56:03'),
(244, 'gamma1211', 'epsilon1211', 760.00, 5, '11/12/11 : 11:56:09'),
(245, 'gamma1211', 'epsilon1211', 760.00, 5, '11/12/11 : 11:56:17'),
(246, 'lambda1211', 'foreign11211', 253.00, 250, '11/12/11 : 11:56:17'),
(247, 'kappa1211', 'foreign21211', 322.00, 80, '11/12/11 : 11:56:20'),
(248, 'alpha1211', 'omega1211', 400.00, 2, '11/12/11 : 11:56:28'),
(249, 'delta1211', 'omicron1211', 279.00, 1, '11/12/11 : 11:56:36'),
(250, 'foreign21211', 'omega1211', 180.00, 90, '11/12/11 : 11:56:46'),
(251, 'delta1211', 'omicron1211', 279.00, 1, '11/12/11 : 11:56:50'),
(252, 'gamma1211', 'omega1211', 900.00, 5, '11/12/11 : 11:56:50'),
(253, 'gamma1211', 'omega1211', 900.00, 5, '11/12/11 : 11:56:56'),
(254, 'gamma1211', 'omega1211', 900.00, 10, '11/12/11 : 11:57:04'),
(255, 'beta1211', 'foreign11211', 380.00, 1000, '11/12/11 : 11:57:05'),
(256, 'alpha1211', 'lambda1211', 390.00, 10, '11/12/11 : 11:57:05'),
(257, 'sigma1211', 'foreign11211', 175.00, 777, '11/12/11 : 11:57:06'),
(258, 'gamma1211', 'omega1211', 900.00, 10, '11/12/11 : 11:57:10'),
(259, 'delta1211', 'omicron1211', 279.00, 1, '11/12/11 : 11:57:12'),
(260, 'alpha1211', 'lambda1211', 390.00, 10, '11/12/11 : 11:57:14'),
(261, 'foreign11211', 'beta1211', 410.00, 1000, '11/12/11 : 11:57:15'),
(262, 'delta1211', 'omicron1211', 279.00, 1, '11/12/11 : 11:57:22'),
(263, 'alpha1211', 'lambda1211', 390.00, 30, '11/12/11 : 11:57:30'),
(264, 'delta1211', 'omicron1211', 279.00, 1, '11/12/11 : 11:57:31'),
(265, 'delta1211', 'omicron1211', 279.00, 1, '11/12/11 : 11:57:40'),
(266, 'alpha1211', 'lambda1211', 390.00, 10, '11/12/11 : 11:58:05'),
(267, 'gamma1211', 'omega1211', 1738.00, 20, '11/12/11 : 11:58:10'),
(268, 'kappa1211', 'lambda1211', 96.00, 82, '11/12/11 : 11:58:12'),
(269, 'alpha1211', 'lambda1211', 390.00, 10, '11/12/11 : 11:58:14'),
(270, 'alpha1211', 'lambda1211', 390.00, 20, '11/12/11 : 11:58:24'),
(271, 'delta1211', 'lambda1211', 66.25, 1, '11/12/11 : 11:58:27'),
(272, 'alpha1211', 'lambda1211', 390.00, 20, '11/12/11 : 11:58:34'),
(273, 'alpha1211', 'lambda1211', 390.00, 10, '11/12/11 : 11:58:52'),
(274, 'gamma1211', 'omega1211', 210.00, 100, '11/12/11 : 11:58:55'),
(275, 'alpha1211', 'lambda1211', 390.00, 10, '11/12/11 : 11:59:01'),
(276, 'delta1211', 'lambda1211', 66.25, 1, '11/12/11 : 11:59:05'),
(277, 'beta1211', 'foreign11211', 625.00, 1000, '11/12/11 : 11:59:08'),
(278, 'alpha1211', 'lambda1211', 390.00, 10, '11/12/11 : 11:59:13'),
(279, 'delta1211', 'lambda1211', 66.25, 1, '11/12/11 : 11:59:16'),
(280, 'sigma1211', 'lambda1211', 410.00, 50, '11/12/11 : 11:59:16'),
(281, 'alpha1211', 'lambda1211', 390.00, 10, '11/12/11 : 11:59:21'),
(282, 'foreign21211', 'epsilon1211', 320.00, 90, '11/12/11 : 11:59:28'),
(283, 'delta1211', 'lambda1211', 66.25, 1, '11/12/11 : 11:59:28'),
(284, 'foreign11211', 'beta1211', 655.00, 1000, '11/12/11 : 11:59:31'),
(285, 'foreign11211', 'epsilon1211', 410.00, 100, '11/12/11 : 11:59:33'),
(286, 'gamma1211', 'omicron1211', 1985.00, 150, '11/12/11 : 11:59:33'),
(287, 'delta1211', 'lambda1211', 66.25, 1, '11/12/11 : 11:59:40'),
(288, 'alpha1211', 'lambda1211', 390.00, 10, '11/12/11 : 11:59:42'),
(289, 'alpha1211', 'lambda1211', 390.00, 10, '11/12/11 : 11:59:48'),
(290, 'omicron1211', 'gamma1211', 362.00, 100, '11/12/11 : 12:00:05'),
(291, 'foreign11211', 'sigma1211', 410.00, 50, '11/12/11 : 12:01:00'),
(292, 'foreign11211', 'gamma1211', 267.00, 100, '11/12/11 : 12:01:02'),
(293, 'beta1211', 'omicron1211', 362.00, 200, '11/12/11 : 12:01:07'),
(294, 'foreign21211', 'lambda1211', 402.00, 200, '11/12/11 : 12:01:32'),
(295, 'foreign11211', 'gamma1211', 267.00, 100, '11/12/11 : 12:01:35'),
(296, 'foreign21211', 'alpha1211', 825.00, 150, '11/12/11 : 12:01:57'),
(297, 'foreign11211', 'kappa1211', 267.00, 50, '11/12/11 : 12:01:59'),
(298, 'sigma1211', 'foreign11211', 1100.00, 49, '11/12/11 : 12:02:01'),
(299, 'gamma1211', 'epsilon1211', 320.00, 10, '11/12/11 : 12:02:17'),
(300, 'sigma1211', 'omega1211', 900.00, 170, '11/12/11 : 12:02:28'),
(301, 'epsilon1211', 'foreign21211', 2700.00, 50, '11/12/11 : 12:02:29'),
(302, 'gamma1211', 'lambda1211', 210.00, 20, '11/12/11 : 12:02:59'),
(303, 'foreign21211', 'omicron1211', 279.00, 900, '11/12/11 : 12:03:07'),
(304, 'gamma1211', 'lambda1211', 210.00, 30, '11/12/11 : 12:03:17'),
(305, 'beta1211', 'foreign21211', 349.00, 109, '11/12/11 : 12:03:32'),
(306, 'gamma1211', 'lambda1211', 210.00, 30, '11/12/11 : 12:03:39'),
(307, 'gamma1211', 'lambda1211', 210.00, 10, '11/12/11 : 12:04:01'),
(308, 'sigma1211', 'foreign21211', 322.00, 100, '11/12/11 : 12:04:17'),
(309, 'omega1211', 'omicron1211', 1985.00, 20, '11/12/11 : 12:04:23'),
(310, 'epsilon1211', 'foreign21211', 322.00, 99, '11/12/11 : 12:04:25'),
(311, 'omicron1211', 'epsilon1211', 279.00, 50, '11/12/11 : 12:04:26'),
(312, 'alpha1211', 'epsilon1211', 763.00, 100, '11/12/11 : 12:04:35'),
(313, 'beta1211', 'omicron1211', 360.00, 1, '11/12/11 : 12:04:46'),
(314, 'beta1211', 'omicron1211', 360.00, 1, '11/12/11 : 12:04:55'),
(315, 'omega1211', 'foreign11211', 1750.00, 500, '11/12/11 : 12:04:58'),
(316, 'delta1211', 'kappa1211', 208.00, 150, '11/12/11 : 12:05:04'),
(317, 'beta1211', 'omicron1211', 360.00, 1, '11/12/11 : 12:05:08'),
(318, 'alpha1211', 'omicron1211', 360.00, 1, '11/12/11 : 12:05:11'),
(319, 'beta1211', 'omicron1211', 360.00, 10, '11/12/11 : 12:05:19'),
(320, 'foreign11211', 'omicron1211', 279.00, 80, '11/12/11 : 17:51:03'),
(321, 'foreign11211', 'alpha1211', 110.00, 1000, '12/12/11 : 17:00:14'),
(322, 'alpha1211', 'omicron1211', 279.00, 1, '31/12/11 : 03:30:14'),
(323, 'alpha1211', 'foreign21211', 322.00, 7000, '31/12/11 : 03:53:34');
